epoch,time,train/box_loss,train/seg_loss,train/cls_loss,train/dfl_loss,train/sem_loss,metrics/precision(B),metrics/recall(B),metrics/mAP50(B),metrics/mAP50-95(B),metrics/precision(M),metrics/recall(M),metrics/mAP50(M),metrics/mAP50-95(M),val/box_loss,val/seg_loss,val/cls_loss,val/dfl_loss,val/sem_loss,lr/pg0,lr/pg1,lr/pg2
1,36.3382,2.00787,4.84002,4.78023,2.18001,0,0,0,0,0,0,0,0,0,1.81621,4.4651,5.05123,2.49023,0,3e-05,3e-05,0.09703
2,78.4855,2.16112,4.95528,4.60718,2.35092,0,0,0,0,0,0,0,0,0,1.84749,4.45631,5.03929,2.50075,0,6.9538e-05,6.9538e-05,0.0930695
3,123.366,1.769,6.09845,4.25025,1.90274,0,0.01507,0.31548,0.02214,0.01164,0,0,0,0,1.64754,30.6226,4.32236,1.89462,0,0.000108548,0.000108548,0.0891085
4,158.01,1.42682,4.41383,3.65307,1.53155,0,0.53512,0.1369,0.05124,0.03284,0,0,0,0,1.90192,5.33518,8.35127,2.19688,0,0.00014703,0.00014703,0.085147
5,196.544,1.21015,3.54995,3.0227,1.31675,0,0.40009,0.15327,0.10454,0.05269,0,0,0,0,2.23499,7.75296,6.09135,2.47854,0,0.000184984,0.000184984,0.081185
6,239.23,1.24018,3.32988,2.78276,1.33802,0,0.32189,0.24844,0.14107,0.10358,0,0,0,0,1.89629,32.1463,4.77444,2.2477,0,0.00022241,0.00022241,0.0772224
7,283.911,1.03567,2.90889,2.4915,1.22363,0,0.32189,0.24844,0.14107,0.10358,0,0,0,0,1.89629,32.1463,4.77444,2.2477,0,0.000259308,0.000259308,0.0732593
8,312.402,1.15395,3.08413,2.51616,1.3342,0,0.18992,0.29587,0.15147,0.10099,0,0,0,0,1.81282,57.7539,9.48185,2.1458,0,0.000295678,0.000295678,0.0692957
9,356.129,1.04808,2.85513,2.23748,1.22658,0,0.40191,0.30357,0.22504,0.12412,0,0,0,0,1.7438,38.8689,6.88783,2.06857,0,0.00033152,0.00033152,0.0653315
10,402.392,1.05476,2.87597,2.45135,1.25736,0,0.40191,0.30357,0.22504,0.12412,0,0,0,0,1.7438,38.8689,6.88783,2.06857,0,0.000366834,0.000366834,0.0613668
11,443.37,1.11525,2.92553,2.36759,1.27594,0,0.63975,0.2619,0.22555,0.12801,0,0,0,0,1.78239,59.4051,5.24494,2.11913,0,0.00040162,0.00040162,0.0574016
12,483.392,1.07236,2.70069,2.14723,1.21144,0,0.63975,0.2619,0.22555,0.12801,0,0,0,0,1.78239,59.4051,5.24494,2.11913,0,0.000435878,0.000435878,0.0534359
13,526.785,1.0431,2.81856,2.2703,1.18624,0,0.68009,0.09524,0.11261,0.08986,0,0,0,0,1.78498,39.8092,4.50313,2.21052,0,0.000469608,0.000469608,0.0494696
14,562.891,1.07198,2.61984,2.20794,1.21196,0,0.68009,0.09524,0.11261,0.08986,0,0,0,0,1.78498,39.8092,4.50313,2.21052,0,0.00050281,0.00050281,0.0455028
15,597.721,1.01508,2.63444,2.09856,1.19216,0,0.28844,0.38095,0.09864,0.05028,0.01101,0.06548,0.01254,0.00548,1.67473,21.8181,6.48549,2.07445,0,0.000535484,0.000535484,0.0415355
16,638.477,1.04469,2.95753,2.12153,1.24137,0,0.28844,0.38095,0.09864,0.05028,0.01101,0.06548,0.01254,0.00548,1.67473,21.8181,6.48549,2.07445,0,0.00056763,0.00056763,0.0375676
17,679.259,0.98074,2.87633,2.15286,1.1493,0,0.28844,0.38095,0.09864,0.05028,0.01101,0.06548,0.01254,0.00548,1.67473,21.8181,6.48549,2.07445,0,0.000599248,0.000599248,0.0335992
18,722.486,0.97771,2.85513,2.06614,1.16975,0,0.6366,0.23214,0.21969,0.14471,0.43275,0.05357,0.01176,0.00415,1.60386,19.2216,4.00571,1.97582,0,0.000630338,0.000630338,0.0296303
19,765.933,1.00763,2.62614,1.86924,1.21691,0,0.6366,0.23214,0.21969,0.14471,0.43275,0.05357,0.01176,0.00415,1.60386,19.2216,4.00571,1.97582,0,0.0006609,0.0006609,0.0256609
20,809.051,1.03585,2.72167,1.91404,1.21001,0,0.6366,0.23214,0.21969,0.14471,0.43275,0.05357,0.01176,0.00415,1.60386,19.2216,4.00571,1.97582,0,0.000690934,0.000690934,0.0216909
21,855.774,1.00408,2.71014,1.84294,1.17095,0,0.6366,0.23214,0.21969,0.14471,0.43275,0.05357,0.01176,0.00415,1.60386,19.2216,4.00571,1.97582,0,0.00072044,0.00072044,0.0177204
22,898.307,0.8991,2.58643,1.6337,1.11163,0,0.4981,0.32869,0.3127,0.22739,0.12057,0.13897,0.04941,0.00947,1.47681,18.0351,3.9377,1.75354,0,0.000749418,0.000749418,0.0137494
23,934.762,0.90566,2.72053,1.65946,1.10208,0,0.4981,0.32869,0.3127,0.22739,0.12057,0.13897,0.04941,0.00947,1.47681,18.0351,3.9377,1.75354,0,0.000777868,0.000777868,0.00977787
24,976.458,0.9141,2.64253,1.60754,1.09989,0,0.4981,0.32869,0.3127,0.22739,0.12057,0.13897,0.04941,0.00947,1.47681,18.0351,3.9377,1.75354,0,0.00080579,0.00080579,0.00580579
25,1017.98,0.98156,2.76885,1.65474,1.15449,0,0.4981,0.32869,0.3127,0.22739,0.12057,0.13897,0.04941,0.00947,1.47681,18.0351,3.9377,1.75354,0,0.000833184,0.000833184,0.00183318
26,1059.45,0.97163,2.77286,1.74131,1.15317,0,0.80763,0.26975,0.22771,0.13884,0.65648,0.12158,0.10125,0.01777,1.60702,10.7443,5.25563,1.67832,0,0.000835,0.000835,0.000835
27,1094.1,0.99827,2.80891,1.81707,1.15792,0,0.80763,0.26975,0.22771,0.13884,0.65648,0.12158,0.10125,0.01777,1.60702,10.7443,5.25563,1.67832,0,0.0008284,0.0008284,0.0008284
28,1130.48,1.01918,2.88541,1.80025,1.16677,0,0.80763,0.26975,0.22771,0.13884,0.65648,0.12158,0.10125,0.01777,1.60702,10.7443,5.25563,1.67832,0,0.0008218,0.0008218,0.0008218
29,1169.66,1.02393,3.01188,1.95869,1.1459,0,0.80763,0.26975,0.22771,0.13884,0.65648,0.12158,0.10125,0.01777,1.60702,10.7443,5.25563,1.67832,0,0.0008152,0.0008152,0.0008152
30,1208.75,0.98657,2.67806,1.89301,1.12728,0,0.54113,0.42857,0.35623,0.20225,0.81576,0.25,0.29225,0.09033,1.65309,9.49718,5.97449,1.92356,0,0.0008086,0.0008086,0.0008086
31,1245.79,0.90715,2.40203,1.73146,1.11634,0,0.54113,0.42857,0.35623,0.20225,0.81576,0.25,0.29225,0.09033,1.65309,9.49718,5.97449,1.92356,0,0.000802,0.000802,0.000802
32,1286.8,0.86011,2.30168,1.54282,1.05644,0,0.54113,0.42857,0.35623,0.20225,0.81576,0.25,0.29225,0.09033,1.65309,9.49718,5.97449,1.92356,0,0.0007954,0.0007954,0.0007954
33,1322.77,0.88555,2.42864,1.62609,1.0838,0,0.54113,0.42857,0.35623,0.20225,0.81576,0.25,0.29225,0.09033,1.65309,9.49718,5.97449,1.92356,0,0.0007888,0.0007888,0.0007888
34,1361.65,0.88843,2.37957,1.6613,1.0812,0,0.68171,0.27381,0.24935,0.17699,0.74969,0.27381,0.25251,0.06961,1.86629,8.365,6.35989,2.04736,0,0.0007822,0.0007822,0.0007822
35,1397.9,0.88534,2.34529,1.53199,1.09986,0,0.68171,0.27381,0.24935,0.17699,0.74969,0.27381,0.25251,0.06961,1.86629,8.365,6.35989,2.04736,0,0.0007756,0.0007756,0.0007756
36,1435.56,0.88676,2.43025,1.57365,1.10443,0,0.68171,0.27381,0.24935,0.17699,0.74969,0.27381,0.25251,0.06961,1.86629,8.365,6.35989,2.04736,0,0.000769,0.000769,0.000769
37,1470.84,0.84256,2.36782,1.51782,1.07023,0,0.68171,0.27381,0.24935,0.17699,0.74969,0.27381,0.25251,0.06961,1.86629,8.365,6.35989,2.04736,0,0.0007624,0.0007624,0.0007624
38,1507.14,0.92554,2.45625,1.55095,1.13804,0,0.60705,0.27381,0.19944,0.13391,0.63861,0.35714,0.27922,0.08003,1.55699,5.57502,4.53155,1.86987,0,0.0007558,0.0007558,0.0007558
39,1548.43,0.95318,2.30432,1.62234,1.12995,0,0.60705,0.27381,0.19944,0.13391,0.63861,0.35714,0.27922,0.08003,1.55699,5.57502,4.53155,1.86987,0,0.0007492,0.0007492,0.0007492
40,1586.16,0.95631,2.23239,1.60024,1.1106,0,0.60705,0.27381,0.19944,0.13391,0.63861,0.35714,0.27922,0.08003,1.55699,5.57502,4.53155,1.86987,0,0.0007426,0.0007426,0.0007426
41,1627.36,0.89362,2.15269,1.50387,1.05941,0,0.60705,0.27381,0.19944,0.13391,0.63861,0.35714,0.27922,0.08003,1.55699,5.57502,4.53155,1.86987,0,0.000736,0.000736,0.000736
42,1665.57,0.88402,2.08366,1.4224,1.05786,0,0.71792,0.22024,0.2917,0.14412,0.71792,0.22024,0.27463,0.09395,1.5621,5.16093,4.27374,1.98183,0,0.0007294,0.0007294,0.0007294
43,1703.62,0.83247,2.14156,1.44202,1.03821,0,0.71792,0.22024,0.2917,0.14412,0.71792,0.22024,0.27463,0.09395,1.5621,5.16093,4.27374,1.98183,0,0.0007228,0.0007228,0.0007228
44,1738.87,0.80005,2.03945,1.34081,1.01166,0,0.71792,0.22024,0.2917,0.14412,0.71792,0.22024,0.27463,0.09395,1.5621,5.16093,4.27374,1.98183,0,0.0007162,0.0007162,0.0007162
45,1783.04,0.78082,1.9527,1.30972,1.02673,0,0.71792,0.22024,0.2917,0.14412,0.71792,0.22024,0.27463,0.09395,1.5621,5.16093,4.27374,1.98183,0,0.0007096,0.0007096,0.0007096
46,1824.8,0.77299,1.98525,1.27214,1.01477,0,0.65286,0.40204,0.44448,0.22691,0.64721,0.39881,0.40821,0.1622,1.45129,4.79486,4.1317,1.80617,0,0.000703,0.000703,0.000703
47,1866.87,0.78978,1.87494,1.12207,1.04272,0,0.65286,0.40204,0.44448,0.22691,0.64721,0.39881,0.40821,0.1622,1.45129,4.79486,4.1317,1.80617,0,0.0006964,0.0006964,0.0006964
48,1910.78,0.7677,1.87381,1.17675,1.03842,0,0.65286,0.40204,0.44448,0.22691,0.64721,0.39881,0.40821,0.1622,1.45129,4.79486,4.1317,1.80617,0,0.0006898,0.0006898,0.0006898
49,1946.77,0.73984,1.80388,1.11646,1.00536,0,0.65286,0.40204,0.44448,0.22691,0.64721,0.39881,0.40821,0.1622,1.45129,4.79486,4.1317,1.80617,0,0.0006832,0.0006832,0.0006832
50,1986.6,0.78951,1.96498,1.18836,1.03935,0,0.59941,0.48162,0.46072,0.26997,0.58685,0.46972,0.45202,0.15706,1.32571,5.62064,3.05488,1.75245,0,0.0006766,0.0006766,0.0006766
51,2026.9,0.73407,1.77429,0.98718,0.99941,0,0.59941,0.48162,0.46072,0.26997,0.58685,0.46972,0.45202,0.15706,1.32571,5.62064,3.05488,1.75245,0,0.00067,0.00067,0.00067
52,2062.7,0.73375,1.83805,1.02942,0.99376,0,0.59941,0.48162,0.46072,0.26997,0.58685,0.46972,0.45202,0.15706,1.32571,5.62064,3.05488,1.75245,0,0.0006634,0.0006634,0.0006634
53,2098.51,0.75066,1.8236,1.07008,1.01395,0,0.59941,0.48162,0.46072,0.26997,0.58685,0.46972,0.45202,0.15706,1.32571,5.62064,3.05488,1.75245,0,0.0006568,0.0006568,0.0006568
54,2136.82,0.74102,1.82431,1.02646,1.02953,0,0.60251,0.358,0.33433,0.21545,0.5715,0.38657,0.29539,0.09474,1.39348,6.06963,3.07902,1.66106,0,0.0006502,0.0006502,0.0006502
55,2168.37,0.77533,1.86206,1.09241,0.959,0,0.60251,0.358,0.33433,0.21545,0.5715,0.38657,0.29539,0.09474,1.39348,6.06963,3.07902,1.66106,0,0.0006436,0.0006436,0.0006436
56,2205.7,0.69117,1.75265,0.96431,0.9928,0,0.60251,0.358,0.33433,0.21545,0.5715,0.38657,0.29539,0.09474,1.39348,6.06963,3.07902,1.66106,0,0.000637,0.000637,0.000637
57,2241.04,0.70313,1.73181,1.00055,0.99011,0,0.60251,0.358,0.33433,0.21545,0.5715,0.38657,0.29539,0.09474,1.39348,6.06963,3.07902,1.66106,0,0.0006304,0.0006304,0.0006304
58,2276.42,0.6867,1.57874,0.91914,0.96151,0,0.64375,0.31076,0.33049,0.2246,0.62477,0.34524,0.30284,0.10884,1.33166,5.20679,3.0594,1.57372,0,0.0006238,0.0006238,0.0006238
59,2311.67,0.68507,1.60748,0.92446,0.95881,0,0.64375,0.31076,0.33049,0.2246,0.62477,0.34524,0.30284,0.10884,1.33166,5.20679,3.0594,1.57372,0,0.0006172,0.0006172,0.0006172
60,2343.78,0.65726,1.58811,0.88979,0.95161,0,0.64375,0.31076,0.33049,0.2246,0.62477,0.34524,0.30284,0.10884,1.33166,5.20679,3.0594,1.57372,0,0.0006106,0.0006106,0.0006106
61,2378.59,0.67619,1.56043,0.89023,0.96599,0,0.64375,0.31076,0.33049,0.2246,0.62477,0.34524,0.30284,0.10884,1.33166,5.20679,3.0594,1.57372,0,0.000604,0.000604,0.000604
62,2414.82,0.72408,1.67989,0.90954,0.96927,0,0.51147,0.31625,0.32493,0.23681,0.55331,0.26501,0.26557,0.10066,1.38502,5.2715,2.99439,1.54747,0,0.0005974,0.0005974,0.0005974
63,2448.48,0.66589,1.45381,0.77669,0.94901,0,0.51147,0.31625,0.32493,0.23681,0.55331,0.26501,0.26557,0.10066,1.38502,5.2715,2.99439,1.54747,0,0.0005908,0.0005908,0.0005908
64,2482.87,0.73611,1.61777,0.85672,1.01911,0,0.51147,0.31625,0.32493,0.23681,0.55331,0.26501,0.26557,0.10066,1.38502,5.2715,2.99439,1.54747,0,0.0005842,0.0005842,0.0005842
65,2518.18,0.66897,1.42132,0.77147,0.95066,0,0.51147,0.31625,0.32493,0.23681,0.55331,0.26501,0.26557,0.10066,1.38502,5.2715,2.99439,1.54747,0,0.0005776,0.0005776,0.0005776
66,2556.56,0.68588,1.46822,0.82255,0.96007,0,0.28881,0.33268,0.30845,0.21633,0.67668,0.2619,0.30202,0.11891,1.42834,4.36945,3.28782,1.57305,0,0.000571,0.000571,0.000571
67,2592.22,0.65651,1.41199,0.75715,0.95429,0,0.28881,0.33268,0.30845,0.21633,0.67668,0.2619,0.30202,0.11891,1.42834,4.36945,3.28782,1.57305,0,0.0005644,0.0005644,0.0005644
68,2629.82,0.62214,1.46981,0.80078,0.94313,0,0.28881,0.33268,0.30845,0.21633,0.67668,0.2619,0.30202,0.11891,1.42834,4.36945,3.28782,1.57305,0,0.0005578,0.0005578,0.0005578
69,2665.18,0.66465,1.4141,0.7743,0.96895,0,0.28881,0.33268,0.30845,0.21633,0.67668,0.2619,0.30202,0.11891,1.42834,4.36945,3.28782,1.57305,0,0.0005512,0.0005512,0.0005512
70,2699.17,0.64462,1.4112,0.73941,0.93619,0,0.591,0.39131,0.47762,0.2854,0.591,0.39131,0.43707,0.20067,1.30869,4.02561,3.09627,1.45151,0,0.0005446,0.0005446,0.0005446
71,2734.39,0.62682,1.44351,0.74285,0.96257,0,0.591,0.39131,0.47762,0.2854,0.591,0.39131,0.43707,0.20067,1.30869,4.02561,3.09627,1.45151,0,0.000538,0.000538,0.000538
72,2765.4,0.59884,1.37004,0.76282,0.92673,0,0.591,0.39131,0.47762,0.2854,0.591,0.39131,0.43707,0.20067,1.30869,4.02561,3.09627,1.45151,0,0.0005314,0.0005314,0.0005314
73,2802.59,0.63218,1.4101,0.73052,0.94042,0,0.591,0.39131,0.47762,0.2854,0.591,0.39131,0.43707,0.20067,1.30869,4.02561,3.09627,1.45151,0,0.0005248,0.0005248,0.0005248
74,2835.29,0.63009,1.41086,0.76382,0.92957,0,0.66408,0.37849,0.47963,0.31835,0.66408,0.37849,0.42227,0.18949,1.27155,4.12814,3.04476,1.44925,0,0.0005182,0.0005182,0.0005182
75,2870.26,0.60035,1.27322,0.67106,0.92737,0,0.66408,0.37849,0.47963,0.31835,0.66408,0.37849,0.42227,0.18949,1.27155,4.12814,3.04476,1.44925,0,0.0005116,0.0005116,0.0005116
76,2906.06,0.56731,1.25798,0.65061,0.88682,0,0.66408,0.37849,0.47963,0.31835,0.66408,0.37849,0.42227,0.18949,1.27155,4.12814,3.04476,1.44925,0,0.000505,0.000505,0.000505
77,2940.74,0.63132,1.43725,0.75161,0.99778,0,0.66408,0.37849,0.47963,0.31835,0.66408,0.37849,0.42227,0.18949,1.27155,4.12814,3.04476,1.44925,0,0.0004984,0.0004984,0.0004984
78,2976.81,0.60319,1.29335,0.6766,0.91677,0,0.65339,0.43241,0.48025,0.32122,0.79434,0.34791,0.43082,0.20214,1.21723,4.08055,2.84348,1.44836,0,0.0004918,0.0004918,0.0004918
79,3014.83,0.56571,1.18852,0.57888,0.91623,0,0.65339,0.43241,0.48025,0.32122,0.79434,0.34791,0.43082,0.20214,1.21723,4.08055,2.84348,1.44836,0,0.0004852,0.0004852,0.0004852
80,3051.06,0.60604,1.35376,0.66066,0.93025,0,0.65339,0.43241,0.48025,0.32122,0.79434,0.34791,0.43082,0.20214,1.21723,4.08055,2.84348,1.44836,0,0.0004786,0.0004786,0.0004786
81,3088.74,0.5369,1.21175,0.61404,0.89554,0,0.65339,0.43241,0.48025,0.32122,0.79434,0.34791,0.43082,0.20214,1.21723,4.08055,2.84348,1.44836,0,0.000472,0.000472,0.000472
82,3129.59,0.57898,1.22092,0.64719,0.93399,0,0.65171,0.43318,0.52221,0.38589,0.65171,0.43318,0.44322,0.22291,1.25565,4.03371,3.06877,1.44475,0,0.0004654,0.0004654,0.0004654
83,3167.5,0.58571,1.19852,0.63091,0.91578,0,0.65171,0.43318,0.52221,0.38589,0.65171,0.43318,0.44322,0.22291,1.25565,4.03371,3.06877,1.44475,0,0.0004588,0.0004588,0.0004588
84,3202.49,0.59085,1.27631,0.66974,0.93404,0,0.65171,0.43318,0.52221,0.38589,0.65171,0.43318,0.44322,0.22291,1.25565,4.03371,3.06877,1.44475,0,0.0004522,0.0004522,0.0004522
85,3240.38,0.58721,1.21642,0.61968,0.92117,0,0.65171,0.43318,0.52221,0.38589,0.65171,0.43318,0.44322,0.22291,1.25565,4.03371,3.06877,1.44475,0,0.0004456,0.0004456,0.0004456
86,3276.88,0.56391,1.25192,0.6072,0.89165,0,0.58211,0.44858,0.4952,0.36031,0.60813,0.42857,0.44115,0.19776,1.29145,4.14691,3.1132,1.50128,0,0.000439,0.000439,0.000439
87,3315.87,0.55128,1.25449,0.59081,0.89819,0,0.58211,0.44858,0.4952,0.36031,0.60813,0.42857,0.44115,0.19776,1.29145,4.14691,3.1132,1.50128,0,0.0004324,0.0004324,0.0004324
88,3349.05,0.54648,1.19265,0.55992,0.89779,0,0.58211,0.44858,0.4952,0.36031,0.60813,0.42857,0.44115,0.19776,1.29145,4.14691,3.1132,1.50128,0,0.0004258,0.0004258,0.0004258
89,3384.71,0.51571,1.13594,0.54828,0.8939,0,0.58211,0.44858,0.4952,0.36031,0.60813,0.42857,0.44115,0.19776,1.29145,4.14691,3.1132,1.50128,0,0.0004192,0.0004192,0.0004192
90,3421.58,0.56937,1.16841,0.62168,0.90737,0,0.57822,0.35698,0.44047,0.29109,0.65761,0.42885,0.40621,0.17282,1.36844,3.94981,3.19018,1.56983,0,0.0004126,0.0004126,0.0004126
91,3458.5,0.57305,1.16901,0.58018,0.90367,0,0.57822,0.35698,0.44047,0.29109,0.65761,0.42885,0.40621,0.17282,1.36844,3.94981,3.19018,1.56983,0,0.000406,0.000406,0.000406
92,3496.24,0.54766,1.13376,0.57154,0.89297,0,0.57822,0.35698,0.44047,0.29109,0.65761,0.42885,0.40621,0.17282,1.36844,3.94981,3.19018,1.56983,0,0.0003994,0.0003994,0.0003994
93,3537.58,0.50589,1.07063,0.53657,0.87995,0,0.57822,0.35698,0.44047,0.29109,0.65761,0.42885,0.40621,0.17282,1.36844,3.94981,3.19018,1.56983,0,0.0003928,0.0003928,0.0003928
94,3577.01,0.55643,1.13641,0.54962,0.88782,0,0.62731,0.3224,0.49781,0.3269,0.64601,0.39614,0.54251,0.21008,1.3034,3.76456,3.02628,1.51151,0,0.0003862,0.0003862,0.0003862
95,3614.65,0.53488,1.0462,0.55787,0.87537,0,0.62731,0.3224,0.49781,0.3269,0.64601,0.39614,0.54251,0.21008,1.3034,3.76456,3.02628,1.51151,0,0.0003796,0.0003796,0.0003796
96,3650.57,0.55459,1.09848,0.55312,0.87858,0,0.62731,0.3224,0.49781,0.3269,0.64601,0.39614,0.54251,0.21008,1.3034,3.76456,3.02628,1.51151,0,0.000373,0.000373,0.000373
97,3691.13,0.51014,1.0354,0.51142,0.88936,0,0.62731,0.3224,0.49781,0.3269,0.64601,0.39614,0.54251,0.21008,1.3034,3.76456,3.02628,1.51151,0,0.0003664,0.0003664,0.0003664
98,3733.64,0.52545,1.09209,0.5372,0.90661,0,0.55302,0.43569,0.53158,0.34372,0.56892,0.50712,0.58315,0.20995,1.35186,3.68844,2.84459,1.54815,0,0.0003598,0.0003598,0.0003598
99,3775.7,0.50632,1.05391,0.52733,0.86526,0,0.55302,0.43569,0.53158,0.34372,0.56892,0.50712,0.58315,0.20995,1.35186,3.68844,2.84459,1.54815,0,0.0003532,0.0003532,0.0003532
100,3810.77,0.5064,1.01796,0.54831,0.88603,0,0.55302,0.43569,0.53158,0.34372,0.56892,0.50712,0.58315,0.20995,1.35186,3.68844,2.84459,1.54815,0,0.0003466,0.0003466,0.0003466
101,3847.67,0.51128,1.03533,0.54993,0.87542,0,0.55302,0.43569,0.53158,0.34372,0.56892,0.50712,0.58315,0.20995,1.35186,3.68844,2.84459,1.54815,0,0.00034,0.00034,0.00034
102,3882.81,0.54177,1.16894,0.58178,0.87702,0,0.40002,0.50314,0.54454,0.35577,0.41706,0.52381,0.55583,0.2349,1.3688,3.6501,2.81934,1.56904,0,0.0003334,0.0003334,0.0003334
103,3926.3,0.51695,1.05145,0.51381,0.87756,0,0.40002,0.50314,0.54454,0.35577,0.41706,0.52381,0.55583,0.2349,1.3688,3.6501,2.81934,1.56904,0,0.0003268,0.0003268,0.0003268
104,3961.58,0.52021,1.04544,0.50832,0.88793,0,0.40002,0.50314,0.54454,0.35577,0.41706,0.52381,0.55583,0.2349,1.3688,3.6501,2.81934,1.56904,0,0.0003202,0.0003202,0.0003202
105,4004.08,0.54067,1.04404,0.50584,0.88169,0,0.40002,0.50314,0.54454,0.35577,0.41706,0.52381,0.55583,0.2349,1.3688,3.6501,2.81934,1.56904,0,0.0003136,0.0003136,0.0003136
106,4043.75,0.52193,1.11686,0.52678,0.87343,0,0.52742,0.42893,0.57525,0.34407,0.51534,0.4099,0.46402,0.21812,1.26862,3.6906,2.71883,1.51332,0,0.000307,0.000307,0.000307
107,4080.97,0.51828,1.10078,0.50529,0.90221,0,0.52742,0.42893,0.57525,0.34407,0.51534,0.4099,0.46402,0.21812,1.26862,3.6906,2.71883,1.51332,0,0.0003004,0.0003004,0.0003004
108,4116.89,0.54676,1.07583,0.53484,0.91028,0,0.52742,0.42893,0.57525,0.34407,0.51534,0.4099,0.46402,0.21812,1.26862,3.6906,2.71883,1.51332,0,0.0002938,0.0002938,0.0002938
109,4159.37,0.4642,0.95503,0.46301,0.87708,0,0.52742,0.42893,0.57525,0.34407,0.51534,0.4099,0.46402,0.21812,1.26862,3.6906,2.71883,1.51332,0,0.0002872,0.0002872,0.0002872
110,4200.06,0.50315,1.00888,0.52398,0.87625,0,0.69795,0.4067,0.54361,0.33312,0.68415,0.39881,0.4875,0.21886,1.24634,3.55618,2.60416,1.53866,0,0.0002806,0.0002806,0.0002806
111,4235.69,0.45792,0.95983,0.44576,0.86317,0,0.69795,0.4067,0.54361,0.33312,0.68415,0.39881,0.4875,0.21886,1.24634,3.55618,2.60416,1.53866,0,0.000274,0.000274,0.000274
112,4271.34,0.4971,0.98315,0.48396,0.86975,0,0.69795,0.4067,0.54361,0.33312,0.68415,0.39881,0.4875,0.21886,1.24634,3.55618,2.60416,1.53866,0,0.0002674,0.0002674,0.0002674
113,4307.05,0.4946,1.06216,0.49351,0.88643,0,0.69795,0.4067,0.54361,0.33312,0.68415,0.39881,0.4875,0.21886,1.24634,3.55618,2.60416,1.53866,0,0.0002608,0.0002608,0.0002608
114,4342.17,0.55065,1.12658,0.56558,0.87915,0,0.64041,0.46824,0.54761,0.33885,0.62629,0.43991,0.48993,0.21936,1.28701,3.63971,2.65337,1.59316,0,0.0002542,0.0002542,0.0002542
115,4380.63,0.49773,1.01742,0.51084,0.87271,0,0.64041,0.46824,0.54761,0.33885,0.62629,0.43991,0.48993,0.21936,1.28701,3.63971,2.65337,1.59316,0,0.0002476,0.0002476,0.0002476
116,4416.24,0.47592,0.91765,0.46099,0.86732,0,0.64041,0.46824,0.54761,0.33885,0.62629,0.43991,0.48993,0.21936,1.28701,3.63971,2.65337,1.59316,0,0.000241,0.000241,0.000241
117,4449.79,0.52146,1.1037,0.54927,0.87517,0,0.64041,0.46824,0.54761,0.33885,0.62629,0.43991,0.48993,0.21936,1.28701,3.63971,2.65337,1.59316,0,0.0002344,0.0002344,0.0002344
118,4484.7,0.48786,0.93906,0.48395,0.8649,0,0.4382,0.46429,0.54308,0.32462,0.63983,0.4412,0.477,0.20595,1.28084,3.76471,2.68068,1.56781,0,0.0002278,0.0002278,0.0002278
119,4517.93,0.46056,0.93811,0.46405,0.87416,0,0.4382,0.46429,0.54308,0.32462,0.63983,0.4412,0.477,0.20595,1.28084,3.76471,2.68068,1.56781,0,0.0002212,0.0002212,0.0002212
120,4550.08,0.46086,0.92396,0.43783,0.85633,0,0.4382,0.46429,0.54308,0.32462,0.63983,0.4412,0.477,0.20595,1.28084,3.76471,2.68068,1.56781,0,0.0002146,0.0002146,0.0002146
121,4583.3,0.4501,0.91188,0.46439,0.84614,0,0.4382,0.46429,0.54308,0.32462,0.63983,0.4412,0.477,0.20595,1.28084,3.76471,2.68068,1.56781,0,0.000208,0.000208,0.000208
122,4618.07,0.44184,0.89468,0.42956,0.85696,0,0.38364,0.54917,0.53228,0.31024,0.65873,0.43401,0.44528,0.19778,1.29403,3.61049,2.63763,1.57961,0,0.0002014,0.0002014,0.0002014
123,4653.1,0.44689,0.97173,0.46235,0.84815,0,0.38364,0.54917,0.53228,0.31024,0.65873,0.43401,0.44528,0.19778,1.29403,3.61049,2.63763,1.57961,0,0.0001948,0.0001948,0.0001948
124,4687.94,0.44464,0.90874,0.44513,0.86704,0,0.38364,0.54917,0.53228,0.31024,0.65873,0.43401,0.44528,0.19778,1.29403,3.61049,2.63763,1.57961,0,0.0001882,0.0001882,0.0001882
125,4722.05,0.44713,0.91919,0.44925,0.85138,0,0.38364,0.54917,0.53228,0.31024,0.65873,0.43401,0.44528,0.19778,1.29403,3.61049,2.63763,1.57961,0,0.0001816,0.0001816,0.0001816
126,4754.61,0.47358,0.94957,0.46958,0.87322,0,0.38838,0.55275,0.55223,0.33086,0.69661,0.4264,0.4596,0.2166,1.28478,3.42137,2.7297,1.57898,0,0.000175,0.000175,0.000175
127,4793.88,0.44211,0.89082,0.4202,0.86186,0,0.38838,0.55275,0.55223,0.33086,0.69661,0.4264,0.4596,0.2166,1.28478,3.42137,2.7297,1.57898,0,0.0001684,0.0001684,0.0001684
128,4832.4,0.44921,0.9363,0.44451,0.86685,0,0.38838,0.55275,0.55223,0.33086,0.69661,0.4264,0.4596,0.2166,1.28478,3.42137,2.7297,1.57898,0,0.0001618,0.0001618,0.0001618
129,4868.52,0.47727,1.00345,0.49059,0.88598,0,0.38838,0.55275,0.55223,0.33086,0.69661,0.4264,0.4596,0.2166,1.28478,3.42137,2.7297,1.57898,0,0.0001552,0.0001552,0.0001552
130,4905.87,0.47084,0.95136,0.44072,0.88043,0,0.73046,0.39133,0.54828,0.304,0.73046,0.39133,0.47569,0.20951,1.28478,3.29765,2.70218,1.58415,0,0.0001486,0.0001486,0.0001486
131,4941.98,0.44233,0.83651,0.42355,0.83421,0,0.73046,0.39133,0.54828,0.304,0.73046,0.39133,0.47569,0.20951,1.28478,3.29765,2.70218,1.58415,0,0.000142,0.000142,0.000142
132,4975.54,0.42659,0.86613,0.41757,0.8607,0,0.73046,0.39133,0.54828,0.304,0.73046,0.39133,0.47569,0.20951,1.28478,3.29765,2.70218,1.58415,0,0.0001354,0.0001354,0.0001354
133,5012.96,0.41979,0.86409,0.42783,0.84556,0,0.73046,0.39133,0.54828,0.304,0.73046,0.39133,0.47569,0.20951,1.28478,3.29765,2.70218,1.58415,0,0.0001288,0.0001288,0.0001288
134,5051.73,0.42491,0.83853,0.42198,0.84607,0,0.73328,0.40242,0.54047,0.29413,0.72266,0.3918,0.46026,0.19902,1.30203,3.29311,2.78761,1.59393,0,0.0001222,0.0001222,0.0001222
135,5087.79,0.41269,0.86025,0.41446,0.8399,0,0.73328,0.40242,0.54047,0.29413,0.72266,0.3918,0.46026,0.19902,1.30203,3.29311,2.78761,1.59393,0,0.0001156,0.0001156,0.0001156
136,5126.24,0.42332,0.85116,0.40649,0.85186,0,0.73328,0.40242,0.54047,0.29413,0.72266,0.3918,0.46026,0.19902,1.30203,3.29311,2.78761,1.59393,0,0.000109,0.000109,0.000109
137,5161.47,0.45188,0.93565,0.44638,0.85763,0,0.73328,0.40242,0.54047,0.29413,0.72266,0.3918,0.46026,0.19902,1.30203,3.29311,2.78761,1.59393,0,0.0001024,0.0001024,0.0001024
138,5199.01,0.43154,0.87505,0.417,0.85079,0,0.51342,0.56045,0.57641,0.30969,0.71935,0.39221,0.45194,0.20702,1.31049,3.39364,2.85421,1.59919,0,9.58e-05,9.58e-05,9.58e-05
139,5240.19,0.4005,0.83589,0.39845,0.84137,0,0.51342,0.56045,0.57641,0.30969,0.71935,0.39221,0.45194,0.20702,1.31049,3.39364,2.85421,1.59919,0,8.92e-05,8.92e-05,8.92e-05
140,5278.42,0.41878,0.81695,0.41138,0.84259,0,0.51342,0.56045,0.57641,0.30969,0.71935,0.39221,0.45194,0.20702,1.31049,3.39364,2.85421,1.59919,0,8.26e-05,8.26e-05,8.26e-05
141,5318.82,0.42429,0.86792,0.42481,0.84693,0,0.51342,0.56045,0.57641,0.30969,0.71935,0.39221,0.45194,0.20702,1.31049,3.39364,2.85421,1.59919,0,7.6e-05,7.6e-05,7.6e-05
142,5362.18,0.39489,0.79347,0.39336,0.8345,0,0.57996,0.51381,0.57428,0.30858,0.70174,0.3869,0.45107,0.18574,1.29721,3.41453,2.87471,1.59233,0,6.94e-05,6.94e-05,6.94e-05
143,5403.93,0.41596,0.84387,0.409,0.85091,0,0.57996,0.51381,0.57428,0.30858,0.70174,0.3869,0.45107,0.18574,1.29721,3.41453,2.87471,1.59233,0,6.28e-05,6.28e-05,6.28e-05
144,5446.2,0.43016,0.84667,0.42592,0.84947,0,0.57996,0.51381,0.57428,0.30858,0.70174,0.3869,0.45107,0.18574,1.29721,3.41453,2.87471,1.59233,0,5.62e-05,5.62e-05,5.62e-05
145,5479.52,0.43268,0.85778,0.423,0.83899,0,0.57996,0.51381,0.57428,0.30858,0.70174,0.3869,0.45107,0.18574,1.29721,3.41453,2.87471,1.59233,0,4.96e-05,4.96e-05,4.96e-05
146,5514.57,0.41818,0.87304,0.40873,0.84225,0,0.57742,0.51396,0.57657,0.30553,0.69638,0.3869,0.45636,0.19652,1.28948,3.42682,2.86581,1.58851,0,4.3e-05,4.3e-05,4.3e-05
147,5553.22,0.38724,0.78421,0.38071,0.84085,0,0.57742,0.51396,0.57657,0.30553,0.69638,0.3869,0.45636,0.19652,1.28948,3.42682,2.86581,1.58851,0,3.64e-05,3.64e-05,3.64e-05
148,5590.73,0.40564,0.8867,0.42224,0.82007,0,0.57742,0.51396,0.57657,0.30553,0.69638,0.3869,0.45636,0.19652,1.28948,3.42682,2.86581,1.58851,0,2.98e-05,2.98e-05,2.98e-05
149,5626.38,0.40946,0.85343,0.42206,0.85213,0,0.57742,0.51396,0.57657,0.30553,0.69638,0.3869,0.45636,0.19652,1.28948,3.42682,2.86581,1.58851,0,2.32e-05,2.32e-05,2.32e-05
150,5664.78,0.39302,0.82634,0.40458,0.84971,0,0.58131,0.5116,0.5755,0.30981,0.69731,0.3869,0.45636,0.19696,1.27788,3.43717,2.8651,1.57273,0,1.66e-05,1.66e-05,1.66e-05
